<?xml version="1.0" encoding="UTF-8"?>
<metadata xml:lang="es"><Esri><CreaDate>20190704</CreaDate><CreaTime>10050200</CreaTime><ArcGISFormat>1.0</ArcGISFormat><SyncOnce>TRUE</SyncOnce><DataProperties><itemProps><itemLocation><linkage Sync="TRUE">file://\\AGUSTINA-PC\C$\AGUS - IGCC\Base de Datos\Taller\limite partido de gral pueyrredon</linkage><protocol Sync="TRUE">Local Area Network</protocol></itemLocation></itemProps><copyHistory><copy source="C:\AGUS - IGCC\Base de Datos\CCP\limite partido de gral pueyrredon" dest="\\AGUSTINA-PC\C$\AGUS - IGCC\Base de Datos\Taller\limite partido de gral pueyrredon" date="20190704" time="10050200"></copy></copyHistory></DataProperties></Esri></metadata>
